date,BC_1MONTH,BC_3MONTH,BC_6MONTH,BC_1YEAR,BC_2YEAR,BC_3YEAR,BC_5YEAR,BC_7YEAR,BC_10YEAR,BC_20YEAR,BC_30YEAR,BC_30YEARDISPLAY
2008-01-02,3.09,3.26,3.32,3.17,2.88,2.89,3.28,3.54,3.91,4.39,4.35,0.00
2008-01-03,3.19,3.24,3.29,3.13,2.83,2.85,3.26,3.54,3.91,4.41,4.37,0.00
2008-01-04,3.22,3.20,3.22,3.06,2.74,2.75,3.18,3.47,3.88,4.40,4.36,0.00
2008-01-07,3.27,3.27,3.29,3.11,2.76,2.76,3.16,3.46,3.86,4.37,4.34,0.00
2008-01-08,3.31,3.25,3.27,3.09,2.76,2.76,3.16,3.47,3.86,4.39,4.35,0.00
2008-01-09,3.34,3.22,3.22,3.04,2.69,2.69,3.10,3.40,3.82,4.35,4.32,0.00
2008-01-10,3.37,3.24,3.21,3.04,2.71,2.74,3.16,3.49,3.91,4.47,4.44,0.00
2008-01-11,3.23,3.09,3.07,2.91,2.59,2.61,3.06,3.38,3.82,4.40,4.39,0.00
2008-01-14,3.20,3.19,3.07,2.90,2.58,2.61,3.08,3.39,3.81,4.39,4.37,0.00
2008-01-15,3.15,3.17,3.05,2.87,2.53,2.55,3.00,3.30,3.72,4.30,4.28,0.00
2008-01-16,3.14,3.14,3.05,2.86,2.51,2.55,3.00,3.32,3.74,4.34,4.32,0.00
2008-01-17,3.07,3.07,3.01,2.81,2.44,2.46,2.90,3.22,3.66,4.27,4.25,0.00
2008-01-18,2.63,2.86,2.86,2.69,2.36,2.39,2.86,3.20,3.66,4.30,4.28,0.00
2008-01-22,2.15,2.35,2.41,2.29,2.08,2.12,2.64,3.01,3.52,4.23,4.23,0.00
2008-01-23,2.07,2.21,2.25,2.19,2.09,2.12,2.64,3.01,3.51,4.23,4.23,0.00
2008-01-24,2.19,2.37,2.48,2.40,2.25,2.30,2.85,3.21,3.68,4.37,4.36,0.00
2008-01-25,2.07,2.30,2.41,2.34,2.23,2.28,2.81,3.15,3.61,4.30,4.28,0.00
2008-01-28,2.12,2.34,2.36,2.30,2.20,2.27,2.80,3.15,3.61,4.30,4.29,0.00
2008-01-29,2.13,2.28,2.36,2.33,2.29,2.33,2.87,3.23,3.69,4.35,4.34,0.00
2008-01-30,1.93,2.21,2.29,2.30,2.30,2.44,2.96,3.32,3.78,4.45,4.44,0.00
2008-01-31,1.64,1.96,2.07,2.11,2.17,2.27,2.82,3.19,3.67,4.35,4.35,0.00
2008-02-01,1.75,2.10,2.15,2.13,2.09,2.22,2.75,3.13,3.62,4.31,4.32,0.00
2008-02-04,2.15,2.27,2.22,2.17,2.08,2.23,2.78,3.18,3.68,4.37,4.37,0.00
2008-02-05,2.22,2.19,2.13,2.06,1.93,2.08,2.66,3.08,3.61,4.32,4.33,0.00
2008-02-06,2.12,2.10,2.10,2.05,1.96,2.11,2.67,3.08,3.61,4.36,4.37,0.00
2008-02-07,2.19,2.17,2.13,2.08,1.99,2.21,2.79,3.21,3.74,4.50,4.51,0.00
2008-02-08,2.24,2.23,2.12,2.05,1.93,2.10,2.69,3.11,3.64,4.41,4.43,0.00
2008-02-11,2.35,2.31,2.13,2.06,1.93,2.10,2.67,3.09,3.62,4.38,4.41,0.00
2008-02-12,2.55,2.31,2.12,2.06,1.94,2.13,2.71,3.13,3.66,4.43,4.46,0.00
2008-02-13,2.50,2.28,2.10,2.03,1.91,2.11,2.71,3.14,3.70,4.48,4.52,0.00
2008-02-14,2.50,2.31,2.12,2.05,1.93,2.18,2.81,3.28,3.85,4.63,4.67,0.00
2008-02-15,2.40,2.21,2.07,2.02,1.91,2.15,2.76,3.21,3.76,4.55,4.58,0.00
2008-02-19,2.37,2.28,2.14,2.11,2.06,2.31,2.93,3.37,3.89,4.63,4.66,0.00
2008-02-20,2.40,2.25,2.17,2.16,2.14,2.43,3.02,3.45,3.93,4.63,4.65,0.00
2008-02-21,2.35,2.20,2.10,2.05,1.98,2.23,2.80,3.24,3.77,4.52,4.54,0.00
2008-02-22,2.33,2.20,2.14,2.08,1.98,2.24,2.81,3.26,3.79,4.55,4.58,0.00
2008-02-25,2.34,2.20,2.13,2.13,2.13,2.39,2.98,3.41,3.91,4.65,4.67,0.00
2008-02-26,2.34,2.14,2.09,2.07,2.04,2.32,2.92,3.36,3.88,4.64,4.66,0.00
2008-02-27,2.21,1.98,2.02,2.02,2.01,2.25,2.89,3.33,3.85,4.62,4.65,0.00
2008-02-28,2.08,1.90,1.95,1.92,1.87,2.10,2.73,3.17,3.71,4.51,4.55,0.00
2008-02-29,2.07,1.85,1.83,1.77,1.65,1.87,2.50,2.96,3.53,4.37,4.41,0.00
2008-03-03,1.99,1.70,1.80,1.74,1.61,1.84,2.48,2.96,3.54,4.37,4.42,0.00
2008-03-04,2.01,1.66,1.76,1.72,1.65,1.86,2.53,3.02,3.63,4.46,4.52,0.00
2008-03-05,1.91,1.53,1.75,1.72,1.66,1.91,2.59,3.10,3.70,4.55,4.60,0.00
2008-03-06,1.73,1.39,1.61,1.59,1.53,1.77,2.50,3.00,3.62,4.52,4.57,0.00
2008-03-07,1.65,1.45,1.56,1.55,1.53,1.75,2.45,2.94,3.56,4.49,4.55,0.00
2008-03-10,1.63,1.35,1.45,1.46,1.47,1.67,2.37,2.84,3.46,4.39,4.45,0.00
2008-03-11,1.82,1.48,1.64,1.67,1.74,1.93,2.61,3.04,3.60,4.48,4.53,0.00
2008-03-12,1.68,1.48,1.56,1.58,1.63,1.81,2.49,2.93,3.49,4.35,4.40,0.00
2008-03-13,1.56,1.35,1.50,1.54,1.63,1.84,2.53,2.99,3.56,4.42,4.47,0.00
2008-03-14,1.20,1.18,1.32,1.37,1.47,1.65,2.37,2.84,3.44,4.30,4.35,0.00
2008-03-17,1.16,1.11,1.31,1.32,1.35,1.52,2.23,2.71,3.34,4.24,4.29,0.00
2008-03-18,0.71,0.92,1.32,1.40,1.58,1.74,2.42,2.88,3.48,4.30,4.35,0.00
2008-03-19,0.26,0.61,1.22,1.33,1.54,1.68,2.36,2.80,3.38,4.20,4.22,0.00
2008-03-20,0.37,0.63,1.20,1.33,1.59,1.71,2.36,2.78,3.34,4.15,4.17,0.00
2008-03-24,0.67,1.24,1.60,1.68,1.84,1.99,2.64,3.04,3.56,4.31,4.33,0.00
2008-03-25,1.47,1.29,1.56,1.64,1.79,1.93,2.61,3.00,3.51,4.29,4.30,0.00
2008-03-26,1.36,1.29,1.48,1.56,1.71,1.86,2.55,2.96,3.51,4.31,4.33,0.00
2008-03-27,1.32,1.30,1.49,1.57,1.73,1.88,2.61,3.02,3.56,4.37,4.38,0.00
2008-03-28,1.29,1.33,1.50,1.56,1.67,1.80,2.51,2.91,3.47,4.32,4.33,0.00
2008-03-31,1.22,1.38,1.51,1.55,1.62,1.79,2.46,2.88,3.45,4.30,4.30,0.00
2008-04-01,1.55,1.40,1.53,1.62,1.80,1.94,2.65,3.04,3.57,4.40,4.40,0.00
2008-04-02,1.55,1.41,1.56,1.67,1.88,2.05,2.72,3.09,3.60,4.40,4.38,0.00
2008-04-03,1.56,1.40,1.56,1.68,1.91,2.08,2.75,3.11,3.61,4.41,4.40,0.00
2008-04-04,1.50,1.35,1.53,1.63,1.83,1.98,2.63,2.99,3.50,4.32,4.32,0.00
2008-04-07,1.42,1.45,1.61,1.72,1.95,2.10,2.75,3.09,3.57,4.37,4.36,0.00
2008-04-08,1.34,1.41,1.58,1.68,1.87,2.06,2.72,3.08,3.58,4.37,4.37,0.00
2008-04-09,1.06,1.31,1.51,1.60,1.77,1.95,2.59,2.97,3.49,4.30,4.31,0.00
2008-04-10,0.98,1.27,1.49,1.61,1.84,2.02,2.66,3.05,3.55,4.33,4.34,0.00
2008-04-11,0.90,1.19,1.40,1.52,1.76,1.94,2.57,2.97,3.49,4.28,4.30,0.00
2008-04-14,0.85,1.08,1.41,1.53,1.78,1.97,2.60,3.00,3.53,4.32,4.35,0.00
2008-04-15,0.84,1.10,1.42,1.56,1.84,2.05,2.68,3.08,3.60,4.38,4.42,0.00
2008-04-16,0.86,1.12,1.49,1.65,1.98,2.20,2.82,3.21,3.72,4.49,4.54,0.00
2008-04-17,0.87,1.23,1.58,1.77,2.13,2.31,2.90,3.27,3.75,4.50,4.54,0.00
2008-04-18,0.90,1.35,1.68,1.85,2.19,2.35,2.95,3.29,3.77,4.52,4.51,0.00
2008-04-21,0.90,1.34,1.68,1.86,2.20,2.37,2.95,3.28,3.75,4.48,4.48,0.00
2008-04-22,0.72,1.27,1.64,1.84,2.24,2.43,2.96,3.29,3.74,4.47,4.46,0.00
2008-04-23,0.78,1.26,1.64,1.83,2.22,2.45,2.98,3.32,3.77,4.49,4.49,0.00
2008-04-24,0.81,1.26,1.66,1.91,2.41,2.61,3.15,3.44,3.87,4.56,4.56,0.00
2008-04-25,0.80,1.34,1.73,1.97,2.44,2.64,3.20,3.49,3.91,4.61,4.61,0.00
2008-04-28,0.94,1.43,1.74,1.95,2.36,2.58,3.14,3.44,3.86,4.57,4.57,0.00
2008-04-29,1.28,1.46,1.74,1.94,2.35,2.55,3.11,3.42,3.85,4.56,4.55,0.00
2008-04-30,1.17,1.43,1.64,1.85,2.29,2.49,3.03,3.34,3.77,4.49,4.49,0.00
2008-05-01,1.23,1.45,1.73,1.94,2.37,2.53,3.06,3.36,3.78,4.49,4.49,0.00
2008-05-02,1.25,1.50,1.72,1.97,2.47,2.64,3.18,3.48,3.89,4.57,4.57,0.00
2008-05-05,1.34,1.53,1.76,1.98,2.42,2.62,3.14,3.45,3.88,4.58,4.58,0.00
2008-05-06,1.53,1.63,1.76,1.96,2.38,2.62,3.15,3.51,3.93,4.64,4.64,0.00
2008-05-07,1.57,1.67,1.75,1.94,2.31,2.56,3.09,3.45,3.87,4.61,4.61,0.00
2008-05-08,1.55,1.66,1.74,1.91,2.25,2.47,2.99,3.34,3.79,4.55,4.50,0.00
2008-05-09,1.60,1.69,1.74,1.91,2.25,2.50,2.98,3.33,3.77,4.52,4.53,0.00
2008-05-12,1.73,1.77,1.87,2.01,2.30,2.54,3.00,3.34,3.78,4.52,4.53,0.00
2008-05-13,1.86,1.83,1.89,2.08,2.47,2.70,3.17,3.49,3.90,4.61,4.62,0.00
2008-05-14,1.86,1.82,1.90,2.11,2.53,2.78,3.22,3.50,3.92,4.63,4.63,0.00
2008-05-15,1.84,1.83,1.90,2.08,2.45,2.70,3.10,3.39,3.83,4.55,4.56,0.00
2008-05-16,1.85,1.84,1.91,2.09,2.47,2.71,3.12,3.43,3.85,4.57,4.58,0.00
2008-05-19,1.93,1.82,1.89,2.07,2.42,2.67,3.09,3.40,3.83,4.55,4.56,0.00
2008-05-20,1.97,1.86,1.90,2.05,2.34,2.58,3.02,3.35,3.78,4.52,4.53,0.00
2008-05-21,1.95,1.86,1.90,2.07,2.41,2.68,3.09,3.38,3.81,4.53,4.55,0.00
2008-05-22,1.97,1.86,1.95,2.15,2.56,2.83,3.24,3.52,3.92,4.62,4.63,0.00
2008-05-23,1.92,1.86,1.94,2.11,2.46,2.73,3.15,3.43,3.85,4.56,4.57,0.00
2008-05-27,1.91,1.89,1.94,2.15,2.55,2.82,3.25,3.52,3.93,4.65,4.65,0.00
2008-05-28,2.07,1.89,2.00,2.21,2.62,2.93,3.36,3.63,4.03,4.72,4.71,0.00
2008-05-29,2.02,1.90,1.93,2.16,2.67,2.94,3.41,3.68,4.08,4.77,4.76,0.00
2008-05-30,1.98,1.89,2.01,2.22,2.66,2.93,3.41,3.68,4.06,4.74,4.72,0.00
2008-06-02,1.94,1.85,1.99,2.17,2.51,2.82,3.28,3.56,3.98,4.69,4.68,0.00
2008-06-03,1.96,1.85,2.00,2.14,2.45,2.75,3.21,3.50,3.92,4.64,4.63,0.00
2008-06-04,1.85,1.84,1.99,2.14,2.47,2.78,3.26,3.55,3.98,4.72,4.71,0.00
2008-06-05,1.79,1.85,2.00,2.15,2.52,2.84,3.34,3.63,4.06,4.77,4.75,0.00
2008-06-06,1.75,1.85,2.00,2.12,2.40,2.73,3.20,3.50,3.94,4.67,4.65,0.00
2008-06-09,1.80,1.89,2.12,2.29,2.73,3.03,3.41,3.65,4.02,4.68,4.64,0.00
2008-06-10,2.00,2.02,2.24,2.53,2.91,3.20,3.54,3.77,4.11,4.76,4.70,0.00
2008-06-11,1.91,1.96,2.18,2.47,2.83,3.16,3.49,3.73,4.10,4.76,4.72,0.00
2008-06-12,1.92,2.00,2.28,2.62,3.03,3.35,3.68,3.90,4.23,4.83,4.77,0.00
2008-06-13,1.86,1.99,2.30,2.64,3.05,3.38,3.73,3.95,4.27,4.86,4.79,0.00
2008-06-16,1.89,2.07,2.42,2.68,3.02,3.33,3.73,3.94,4.25,4.84,4.77,0.00
2008-06-17,1.82,1.99,2.33,2.58,2.94,3.25,3.66,3.89,4.23,4.85,4.78,0.00
2008-06-18,1.70,1.93,2.29,2.53,2.89,3.19,3.57,3.81,4.16,4.77,4.72,0.00
2008-06-19,1.59,1.91,2.29,2.58,2.99,3.28,3.67,3.89,4.22,4.82,4.76,0.00
2008-06-20,1.49,1.87,2.23,2.49,2.88,3.17,3.57,3.81,4.16,4.76,4.71,0.00
2008-06-23,1.55,1.87,2.31,2.57,2.98,3.27,3.65,3.87,4.19,4.77,4.71,0.00
2008-06-24,1.58,1.83,2.25,2.53,2.87,3.14,3.52,3.76,4.10,4.70,4.65,0.00
2008-06-25,1.49,1.81,2.22,2.48,2.82,3.11,3.54,3.78,4.12,4.72,4.65,0.00
2008-06-26,1.42,1.74,2.16,2.39,2.68,2.97,3.44,3.69,4.07,4.67,4.62,0.00
2008-06-27,1.29,1.68,2.12,2.35,2.65,2.92,3.36,3.62,3.99,4.58,4.53,0.00
2008-06-30,1.60,1.90,2.17,2.36,2.63,2.91,3.34,3.61,3.99,4.59,4.53,0.00
2008-07-01,1.92,1.87,2.13,2.38,2.63,2.90,3.33,3.62,4.01,4.60,4.55,0.00
2008-07-02,1.87,1.82,2.10,2.35,2.60,2.87,3.31,3.60,3.99,4.57,4.51,0.00
2008-07-03,1.86,1.84,2.09,2.30,2.54,2.82,3.28,3.59,3.99,4.58,4.53,0.00
2008-07-07,1.80,1.87,2.10,2.26,2.47,2.78,3.23,3.53,3.95,4.55,4.51,0.00
2008-07-08,1.86,1.86,2.09,2.26,2.47,2.78,3.19,3.49,3.91,4.51,4.46,0.00
2008-07-09,1.82,1.82,2.05,2.21,2.41,2.71,3.11,3.42,3.85,4.47,4.42,0.00
2008-07-10,1.48,1.67,2.01,2.20,2.44,2.72,3.10,3.40,3.83,4.47,4.42,0.00
2008-07-11,1.38,1.62,2.02,2.30,2.59,2.88,3.27,3.55,3.96,4.57,4.52,0.00
2008-07-14,1.41,1.52,1.95,2.23,2.47,2.79,3.20,3.49,3.90,4.52,4.47,0.00
2008-07-15,1.49,1.39,1.90,2.15,2.39,2.70,3.12,3.43,3.87,4.52,4.48,0.00
2008-07-16,1.36,1.37,1.89,2.16,2.44,2.75,3.20,3.52,3.97,4.64,4.59,0.00
2008-07-17,1.31,1.43,1.92,2.26,2.58,2.89,3.35,3.65,4.07,4.70,4.65,0.00
2008-07-18,1.28,1.48,1.91,2.26,2.66,2.97,3.42,3.71,4.11,4.71,4.66,0.00
2008-07-21,1.32,1.48,1.93,2.30,2.66,2.97,3.41,3.69,4.09,4.69,4.64,0.00
2008-07-22,1.50,1.55,1.95,2.33,2.74,3.05,3.48,3.75,4.14,4.73,4.67,0.00
2008-07-23,1.59,1.59,1.91,2.40,2.81,3.10,3.51,3.77,4.16,4.76,4.69,0.00
2008-07-24,1.69,1.65,1.90,2.26,2.61,2.92,3.37,3.64,4.03,4.66,4.60,0.00
2008-07-25,1.72,1.75,1.95,2.35,2.70,3.01,3.45,3.73,4.13,4.75,4.69,0.00
2008-07-28,1.68,1.73,1.92,2.28,2.59,2.90,3.34,3.64,4.06,4.69,4.63,0.00
2008-07-29,1.73,1.72,1.96,2.36,2.65,2.95,3.39,3.68,4.09,4.70,4.64,0.00
2008-07-30,1.66,1.70,1.90,2.33,2.64,2.93,3.36,3.65,4.07,4.69,4.64,0.00
2008-07-31,1.55,1.68,1.89,2.27,2.52,2.81,3.25,3.56,3.99,4.63,4.59,0.00
2008-08-01,1.52,1.66,1.88,2.25,2.51,2.79,3.23,3.54,3.97,4.61,4.57,0.00
2008-08-04,1.61,1.75,1.97,2.27,2.53,2.81,3.23,3.55,3.98,4.62,4.58,0.00
2008-08-05,1.73,1.75,1.97,2.26,2.54,2.83,3.28,3.60,4.04,4.67,4.63,0.00
2008-08-06,1.53,1.64,1.92,2.26,2.56,2.85,3.30,3.62,4.06,4.71,4.68,0.00
2008-08-07,1.53,1.66,1.92,2.17,2.43,2.72,3.16,3.48,3.92,4.58,4.56,0.00
2008-08-08,1.63,1.70,1.95,2.19,2.51,2.80,3.21,3.51,3.94,4.58,4.55,0.00
2008-08-11,1.77,1.87,2.05,2.27,2.56,2.84,3.27,3.57,3.99,4.64,4.61,0.00
2008-08-12,1.73,1.86,2.05,2.18,2.45,2.73,3.16,3.47,3.91,4.58,4.55,0.00
2008-08-13,1.80,1.85,2.00,2.19,2.50,2.77,3.21,3.51,3.94,4.61,4.57,0.00
2008-08-14,1.76,1.89,2.00,2.14,2.45,2.72,3.15,3.46,3.89,4.55,4.52,0.00
2008-08-15,1.73,1.85,1.99,2.12,2.40,2.67,3.11,3.42,3.84,4.50,4.47,0.00
2008-08-18,1.77,1.82,2.03,2.15,2.35,2.62,3.07,3.39,3.82,4.47,4.44,0.00
2008-08-19,1.83,1.80,1.97,2.11,2.32,2.61,3.07,3.39,3.83,4.50,4.47,0.00
2008-08-20,1.74,1.71,1.90,2.06,2.25,2.54,3.00,3.34,3.79,4.46,4.43,0.00
2008-08-21,1.73,1.72,1.95,2.10,2.33,2.62,3.08,3.40,3.84,4.49,4.46,0.00
2008-08-22,1.67,1.70,1.97,2.17,2.42,2.70,3.14,3.45,3.87,4.50,4.46,0.00
2008-08-25,1.66,1.74,1.96,2.12,2.33,2.62,3.04,3.36,3.79,4.42,4.40,0.00
2008-08-26,1.67,1.71,1.95,2.19,2.35,2.64,3.06,3.37,3.79,4.43,4.40,0.00
2008-08-27,1.58,1.67,1.93,2.16,2.31,2.58,3.02,3.34,3.77,4.41,4.38,0.00
2008-08-28,1.63,1.74,1.98,2.19,2.37,2.62,3.09,3.42,3.79,4.41,4.38,0.00
2008-08-29,1.63,1.72,1.97,2.17,2.36,2.60,3.10,3.45,3.83,4.47,4.43,0.00
2008-09-02,1.64,1.72,1.93,2.12,2.26,2.51,3.00,3.37,3.74,4.39,4.36,0.00
2008-09-03,1.57,1.70,1.90,2.08,2.26,2.48,2.95,3.29,3.71,4.36,4.32,0.00
2008-09-04,1.56,1.69,1.89,2.04,2.20,2.41,2.87,3.21,3.64,4.31,4.27,0.00
2008-09-05,1.53,1.68,1.90,2.07,2.23,2.44,2.91,3.24,3.66,4.31,4.27,0.00
2008-09-08,1.59,1.71,1.92,2.12,2.30,2.49,2.96,3.26,3.66,4.30,4.26,0.00
2008-09-09,1.59,1.66,1.89,2.06,2.23,2.43,2.90,3.21,3.62,4.24,4.20,0.00
2008-09-10,1.58,1.65,1.87,2.06,2.22,2.42,2.91,3.23,3.65,4.27,4.23,0.00
2008-09-11,1.53,1.61,1.85,2.01,2.18,2.38,2.87,3.21,3.64,4.25,4.20,0.00
2008-09-12,1.37,1.49,1.84,2.02,2.23,2.45,2.97,3.32,3.74,4.36,4.32,0.00
2008-09-15,0.36,1.02,1.55,1.66,1.78,2.01,2.59,2.99,3.47,4.14,4.12,0.00
2008-09-16,0.23,0.84,1.52,1.72,1.89,2.12,2.64,3.02,3.48,4.12,4.08,0.00
2008-09-17,0.07,0.03,1.03,1.50,1.64,1.91,2.52,2.93,3.41,4.12,4.08,0.00
2008-09-18,0.26,0.23,0.79,1.53,1.78,2.05,2.67,3.08,3.54,4.19,4.14,0.00
2008-09-19,0.75,0.99,1.54,2.05,2.16,2.42,3.01,3.37,3.78,4.42,4.36,0.00
2008-09-22,0.76,1.28,1.76,2.06,2.13,2.41,3.04,3.42,3.83,4.48,4.41,0.00
2008-09-23,0.30,0.80,1.63,2.01,2.11,2.40,3.03,3.41,3.85,4.50,4.43,0.00
2008-09-24,0.13,0.49,1.45,1.90,2.03,2.26,2.91,3.31,3.80,4.48,4.40,0.00
2008-09-25,0.39,0.76,1.57,1.97,2.16,2.42,3.09,3.44,3.88,4.48,4.40,0.00
2008-09-26,0.21,0.87,1.54,1.81,2.11,2.38,3.05,3.41,3.85,4.44,4.36,0.00
2008-09-29,0.16,0.94,1.49,1.60,1.70,1.96,2.70,3.12,3.61,4.21,4.13,0.00
2008-09-30,1.02,0.92,1.60,1.78,2.00,2.28,2.98,3.38,3.85,4.43,4.31,0.00
2008-10-01,0.66,0.85,1.49,1.72,1.82,2.12,2.87,3.29,3.77,4.33,4.22,0.00
2008-10-02,0.21,0.63,1.21,1.45,1.62,1.91,2.68,3.13,3.66,4.28,4.16,0.00
2008-10-03,0.15,0.51,1.14,1.41,1.60,1.86,2.64,3.09,3.63,4.26,4.11,0.00
2008-10-06,0.19,0.54,1.12,1.23,1.43,1.69,2.45,2.92,3.48,4.12,3.99,0.00
2008-10-07,0.39,0.82,1.14,1.27,1.47,1.69,2.45,2.91,3.50,4.15,4.01,0.00
2008-10-08,0.23,0.68,1.07,1.28,1.65,1.88,2.70,3.15,3.72,4.31,4.09,0.00
2008-10-09,0.19,0.60,1.07,1.33,1.65,1.93,2.79,3.25,3.84,4.41,4.14,0.00
2008-10-10,0.07,0.25,0.84,1.08,1.62,1.87,2.77,3.27,3.89,4.41,4.15,0.00
2008-10-14,0.07,0.34,1.07,1.22,1.82,2.06,3.01,3.48,4.08,4.57,4.27,0.00
2008-10-15,0.05,0.22,0.92,1.14,1.64,1.91,2.90,3.40,4.04,4.57,4.25,0.00
2008-10-16,0.12,0.46,1.18,1.29,1.61,1.90,2.84,3.33,3.99,4.59,4.25,0.00
2008-10-17,0.13,0.83,1.25,1.34,1.64,1.90,2.83,3.30,3.98,4.66,4.32,0.00
2008-10-20,0.53,1.24,1.74,1.69,1.71,2.00,2.82,3.26,3.91,4.60,4.26,0.00
2008-10-21,0.71,1.10,1.61,1.74,1.58,1.86,2.63,3.08,3.76,4.52,4.20,0.00
2008-10-22,0.60,1.05,1.53,1.64,1.53,1.79,2.56,3.00,3.65,4.42,4.07,0.00
2008-10-23,0.39,0.98,1.51,1.61,1.54,1.76,2.57,3.00,3.63,4.34,3.99,0.00
2008-10-24,0.33,0.89,1.43,1.60,1.57,1.80,2.64,3.09,3.76,4.44,4.11,0.00
2008-10-27,0.31,0.84,1.36,1.57,1.59,1.83,2.67,3.12,3.79,4.43,4.12,0.00
2008-10-28,0.42,0.77,1.25,1.53,1.65,1.85,2.75,3.21,3.89,4.51,4.19,0.00
2008-10-29,0.41,0.62,1.10,1.41,1.58,1.79,2.77,3.24,3.93,4.59,4.26,0.00
2008-10-30,0.14,0.41,1.00,1.36,1.59,1.82,2.84,3.30,4.00,4.67,4.30,0.00
2008-10-31,0.12,0.46,0.94,1.34,1.56,1.80,2.80,3.29,4.01,4.74,4.35,0.00
2008-11-03,0.20,0.49,1.07,1.31,1.45,1.69,2.71,3.21,3.96,4.73,4.33,0.00
2008-11-04,0.29,0.48,1.03,1.28,1.39,1.59,2.56,3.06,3.81,4.58,4.20,0.00
2008-11-05,0.16,0.40,0.90,1.22,1.36,1.64,2.50,2.99,3.73,4.49,4.13,0.00
2008-11-06,0.13,0.32,0.83,1.17,1.28,1.63,2.46,3.01,3.75,4.52,4.19,0.00
2008-11-07,0.13,0.31,0.83,1.20,1.33,1.71,2.56,3.11,3.83,4.57,4.25,0.00
2008-11-10,0.11,0.29,0.91,1.16,1.27,1.78,2.51,3.06,3.82,4.50,4.21,0.00
2008-11-12,0.10,0.18,0.75,1.03,1.19,1.60,2.37,3.00,3.75,4.44,4.17,0.00
2008-11-13,0.08,0.22,0.93,1.16,1.24,1.62,2.43,3.07,3.84,4.57,4.34,0.00
2008-11-14,0.06,0.15,0.90,1.14,1.22,1.53,2.33,2.94,3.72,4.43,4.22,0.00
2008-11-17,0.06,0.12,0.81,1.08,1.22,1.53,2.32,2.92,3.68,4.42,4.20,0.00
2008-11-18,0.10,0.12,0.76,1.05,1.15,1.44,2.22,2.79,3.53,4.32,4.14,0.00
2008-11-19,0.09,0.07,0.66,0.97,1.09,1.36,2.08,2.64,3.38,4.17,3.96,0.00
2008-11-20,0.05,0.03,0.52,0.87,1.00,1.20,1.94,2.43,3.10,3.87,3.64,0.00
2008-11-21,0.03,0.02,0.45,0.83,1.09,1.35,2.02,2.53,3.20,3.93,3.70,0.00
2008-11-24,0.01,0.13,0.54,0.95,1.31,1.53,2.24,2.71,3.35,4.01,3.78,0.00
2008-11-25,0.04,0.10,0.53,0.95,1.15,1.41,2.06,2.49,3.11,3.85,3.63,0.00
2008-11-26,0.02,0.05,0.48,0.93,1.09,1.38,2.01,2.43,2.99,3.77,3.54,0.00
2008-11-28,0.02,0.01,0.44,0.90,1.00,1.27,1.93,2.35,2.93,3.71,3.45,0.00
2008-12-01,0.09,0.07,0.44,0.81,0.90,1.16,1.71,2.13,2.72,3.51,3.22,0.00
2008-12-02,0.04,0.06,0.42,0.77,0.90,1.12,1.65,2.08,2.68,3.47,3.18,0.00
2008-12-03,0.02,0.02,0.35,0.70,0.87,1.07,1.60,2.03,2.67,3.45,3.17,0.00
2008-12-04,0.01,0.02,0.26,0.61,0.82,1.02,1.51,1.93,2.55,3.35,3.06,0.00
2008-12-05,0.02,0.02,0.23,0.54,0.93,1.19,1.67,2.09,2.67,3.41,3.11,0.00
2008-12-08,0.01,0.03,0.28,0.53,0.97,1.27,1.76,2.17,2.77,3.45,3.16,0.00
2008-12-09,0.04,0.03,0.25,0.49,0.84,1.15,1.61,2.03,2.67,3.35,3.06,0.00
2008-12-10,0.00,,0.21,0.49,0.86,1.21,1.62,2.05,2.69,3.39,3.09,0.00
2008-12-11,0.00,0.01,0.22,0.51,0.79,1.11,1.55,1.99,2.64,3.35,3.07,0.00
2008-12-12,0.03,0.02,0.21,0.50,0.78,1.05,1.55,1.98,2.60,3.36,3.07,0.00
2008-12-15,0.00,0.03,0.28,0.50,0.75,1.02,1.50,1.92,2.53,3.29,2.98,0.00
2008-12-16,0.05,0.04,0.23,0.45,0.65,0.88,1.34,1.77,2.37,3.16,2.86,0.00
2008-12-17,0.03,0.05,0.19,0.45,0.73,0.98,1.35,1.70,2.20,3.01,2.66,0.00
2008-12-18,0.03,,0.15,0.43,0.68,0.92,1.26,1.59,2.08,2.86,2.53,0.00
2008-12-19,0.00,0.02,0.14,0.44,0.74,1.02,1.35,1.66,2.13,2.89,2.55,0.00
2008-12-22,0.01,0.01,0.27,0.40,0.87,1.12,1.40,1.70,2.16,2.92,2.60,0.00
2008-12-23,0.01,0.02,0.26,0.41,0.90,1.13,1.53,1.81,2.18,2.93,2.63,0.00
2008-12-24,0.00,,0.23,0.40,0.90,1.14,1.54,1.83,2.20,2.94,2.63,0.00
2008-12-26,0.01,0.03,0.23,0.38,0.89,1.08,1.51,1.80,2.16,2.91,2.61,0.00
2008-12-29,0.04,0.06,0.25,0.36,0.78,0.96,1.45,1.75,2.13,2.94,2.63,0.00
2008-12-30,0.11,0.10,0.26,0.34,0.75,0.94,1.47,1.76,2.11,2.88,2.58,0.00
2008-12-31,0.11,0.11,0.27,0.37,0.76,1.00,1.55,1.87,2.25,3.05,2.69,0.00
